Country,CountryCode,total_cases,active_cases,deaths,recovered,critical,tested,death_ratio,recovery_ratio
Afghanistan,AF,37054,9782,1312,25960,31,92710,0.03540778323527824,0.700599125600475
Albania,AL,6275,2814,193,3268,20,40675,0.030756972111553784,0.520796812749004
Algeria,DZ,34693,9317,1293,24083,62,0,0.037269766235263596,0.6941746173579685
Andorra,AD,955,64,52,839,1,3750,0.05445026178010471,0.8785340314136125
Angola,AO,1538,927,67,544,20,64747,0.043563068920676205,0.35370611183355005
Anguilla,AI,3,0,0,3,0,537,0.0,1.0
Antigua and Barbuda,AG,92,13,3,76,1,1500,0.03260869565217391,0.8260869565217391
Argentina,AR,235677,122985,4450,108242,1293,830057,0.018881774632229703,0.4592811347734399
Armenia,AM,40185,7005,785,32395,0,174438,0.019534652233420432,0.806146572104019
Aruba,AW,509,392,3,114,0,14047,0.005893909626719057,0.22396856581532418
Australia,AU,20698,8859,278,11561,53,4764223,0.013431249396076915,0.5585563822591555
Austria,AT,21919,1386,721,19812,24,955239,0.03289383639764588,0.9038733518864912
Azerbaijan,AZ,33481,2937,488,30056,0,779508,0.014575430841372718,0.8977031749350378
Bahamas,BS,830,721,14,95,1,6084,0.016867469879518072,0.1144578313253012
Bahrain,BH,43307,2872,159,40276,40,886095,0.0036714618883783223,0.9300113145680837
Bangladesh,BD,255113,105144,3365,146604,0,1249560,0.013190233347575388,0.5746629924778431
Barbados,BB,138,31,7,100,0,12570,0.050724637681159424,0.7246376811594203
Belarus,BY,68738,3409,585,64744,0,1363011,0.00851057639151561,0.9418953126363875
Belgium,BE,72784,45190,9866,17728,69,1791554,0.13555176961969664,0.24357001538799736
Belize,BZ,146,112,2,32,2,4014,0.0136986301369863,0.2191780821917808
Benin,BJ,1936,298,38,1600,1,93677,0.01962809917355372,0.8264462809917356
Bermuda,BM,157,4,9,144,0,26853,0.05732484076433121,0.9171974522292994
Bhutan,BT,108,12,0,96,0,55518,0.0,0.8888888888888888
Bolivia,BO,87891,56228,3524,28139,71,187103,0.04009511781638621,0.32015792288175127
Bosnia and Herzegovina,BA,13687,5920,394,7373,0,148090,0.028786439687294513,0.538686344706656
Botswana,BW,804,739,2,63,1,68423,0.0024875621890547263,0.07835820895522388
Brazil,BR,2988796,607482,100240,2281074,8318,13206188,0.0335385887829079,0.7632083287049367
Brazzaville,CG,3637,1990,58,1589,0,0,0.015947209238383282,0.4368985427550179
British Virgin islands,VN,9,1,1,7,0,1522,0.1111111111111111,0.7777777777777778
Brunei,BN,142,1,3,138,0,43312,0.02112676056338028,0.971830985915493
Bulgaria,BG,13209,5145,442,7622,55,299924,0.03346203346203346,0.5770308123249299
Burkina Faso,BF,1175,147,54,974,0,0,0.04595744680851064,0.828936170212766
Burma,MM,359,42,6,311,0,0,0.016713091922005572,0.8662952646239555
Burundi,BI,400,95,1,304,0,15614,0.0025,0.76
Cabo Verde,CV,2780,709,29,2042,0,61633,0.010431654676258994,0.7345323741007195
Cambodia,KH,246,31,0,215,1,70664,0.0,0.8739837398373984
Cameroon,CM,17718,2007,391,15320,30,149000,0.022067953493622304,0.8646574105429506
Canada,CA,121105,6867,9023,105215,2276,4367208,0.07450559431897939,0.8687915445274762
Caribbean Netherlands,BQ,13,6,0,7,0,424,0.0,0.5384615384615384
Cayman islands,KY,203,0,1,202,0,31299,0.0049261083743842365,0.9950738916256158
Central African Republic,CF,4641,2866,59,1716,0,0,0.012712777418659772,0.3697478991596639
Chad,TD,942,28,76,838,0,0,0.08067940552016985,0.8895966029723992
Channel islands,GB-CHA,597,17,47,533,0,52055,0.07872696817420435,0.8927973199329984
Chile,CL,371023,16879,10011,344133,1305,1812895,0.026982154745123617,0.9275247087107807
China,CN,88649,2042,4681,81926,42,90410000,0.05280375413146229,0.9241615810669043
Colombia,CO,367204,156459,12250,198495,1493,1842292,0.03336020304789708,0.5405578370605985
Comoros,KM,396,36,7,353,0,0,0.017676767676767676,0.8914141414141414
Congo,CD,3637,1990,58,1589,0,0,0.015947209238383282,0.4368985427550179
Costa Rica,CR,22802,14985,228,7589,80,100050,0.009999122883957547,0.3328216823085694
Cote d'Ivoire,CI,16620,3623,104,12893,0,0,0.006257521058965102,0.7757521058965102
Croatia,HR,5543,569,157,4817,8,126410,0.02832401226772506,0.8690239942269529
Cuba,CU,2888,358,88,2442,7,293069,0.030470914127423823,0.8455678670360111
Curaçao,CW,31,0,1,30,0,1080,0.03225806451612903,0.967741935483871
Cyprus,CY,1222,347,19,856,0,220136,0.015548281505728314,0.7004909983633388
Czechia,CZ,18146,4993,389,12764,17,743589,0.02143723134575113,0.703405709247217
Denmark,DK,14751,1087,617,13047,2,1680226,0.04182767270015592,0.8844824079723409
Diamond Princess,,712,48,13,651,4,0,0.018258426966292134,0.9143258426966292
Djibouti,DJ,5338,196,59,5083,0,59909,0.01105282877482203,0.9522292993630573
Dominica,DM,18,0,0,18,0,1005,0.0,1.0
Dominican Republic,DO,78778,34951,1289,42538,317,290267,0.016362436213155956,0.5399730889334586
Ecuador,EC,93572,16051,5916,71605,369,261829,0.06322404137989997,0.7652396015902193
Egypt,EG,95147,39623,4971,50553,41,135000,0.05224547279472816,0.5313147025129537
El Salvador,SV,19978,9927,536,9515,514,258647,0.02682951246371008,0.47627390129142055
Equatorial guinea,GQ,4821,2556,83,2182,0,44356,0.017216345156606513,0.452603194358017
Eritrea,ER,285,40,0,245,0,0,0.0,0.8596491228070176
Estonia,EE,2147,123,63,1961,0,125240,0.02934326967862133,0.9133674895202608
Eswatini,SZ,3128,1507,56,1565,10,27428,0.017902813299232736,0.5003196930946292
Ethiopia,ET,22253,12156,390,9707,185,488936,0.017525726868287423,0.4362108479755539
Faeroe islands,FO,295,102,0,193,0,46126,0.0,0.6542372881355932
Falkland islands,FK,13,0,0,13,0,2256,0.0,1.0
Fiji,FJ,27,8,1,18,0,6693,0.037037037037037035,0.6666666666666666
Finland,FI,7568,257,331,6980,0,407984,0.04373678646934461,0.9223044397463002
France,FR,235208,121913,30327,82968,383,4183143,0.12893694092037686,0.35274310397605524
French Guiana,GF,8204,837,47,7320,23,42101,0.005728912725499756,0.8922476840565577
French Polynesia,PF,69,7,0,62,0,6140,0.0,0.8985507246376812
Gabon,GA,7923,2168,51,5704,9,89423,0.006436955698599016,0.719929319702133
Gambia,GM,1090,925,19,146,0,5183,0.01743119266055046,0.13394495412844037
Germany,DE,216839,10178,9261,197400,236,8586648,0.042709106756625884,0.9103528424314814
Ghana,GH,40533,2625,206,37702,7,409373,0.005082278637159845,0.9301556756223324
Gibraltar,GI,197,13,0,184,0,24054,0.0,0.934010152284264
Greece,GR,5421,3836,211,1374,17,640297,0.03892270798745619,0.25345877144438295
Greenland,GL,14,0,0,14,0,6026,0.0,1.0
Grenada,GD,24,1,0,23,0,6252,0.0,0.9583333333333334
Guadeloupe,GP,290,90,14,186,1,19499,0.04827586206896552,0.6413793103448275
Guatemala,GT,56189,9920,2197,44072,5,176400,0.03910017975048497,0.7843528092687181
Guinea,GN,7777,927,50,6800,24,14407,0.006429214350006429,0.8743731516008744
Guinea-bissau,GW,2032,1061,27,944,5,1500,0.01328740157480315,0.4645669291338583
Guyana,GY,538,327,22,189,2,5165,0.040892193308550186,0.3513011152416357
Haiti,HT,7599,2529,177,4893,0,18501,0.02329253849190683,0.6439005132254244
Holy see,VA,12,0,0,12,0,0,0.0,1.0
Honduras,HN,46365,38545,1465,6355,45,112370,0.031597109888924835,0.13706459613932923
Hong kong,HK,4008,1206,47,2755,45,692430,0.011726546906187624,0.687375249500998
Hungary,HU,4653,560,602,3491,8,358437,0.12937889533634214,0.7502686438856652
Iceland,IS,1955,112,10,1833,1,155718,0.005115089514066497,0.9375959079283888
India,IN,2152020,628763,43453,1479804,8944,23387171,0.020191726842687337,0.6876348732818468
Indonesia,ID,123503,38539,5658,79306,0,1693880,0.04581265232423504,0.6421382476539031
Iran,IR,324692,24306,18264,282122,4148,2637575,0.056250230988136446,0.8688911337513705
Iraq,IQ,147389,36575,5310,105504,577,1127383,0.036027111928298584,0.7158200408442964
Ireland,IE,26644,1508,1772,23364,6,662242,0.06650653055096832,0.8768953610568984
Isle of man,IM,336,0,24,312,0,8665,0.07142857142857142,0.9285714285714286
Israel,IL,82324,24660,593,57071,388,1872453,0.007203245712064526,0.6932486273747631
Italy,IT,250103,12953,35203,201947,43,7212207,0.14075400934814855,0.8074553284046972
Ivory Coast,CI,16620,3623,104,12893,0,106753,0.006257521058965102,0.7757521058965102
Jamaica,JM,987,229,13,745,0,42447,0.013171225937183385,0.7548125633232016
Japan,JP,47331,15041,1042,31248,131,961915,0.02201516976188967,0.6602015592317931
Jordan,JO,1246,57,11,1178,3,640548,0.00882825040128411,0.9454253611556982
Kazakhstan,KZ,97829,25162,1058,71609,221,2183308,0.01081478907072545,0.7319813143341953
Kenya,KE,25837,13520,418,11899,44,349307,0.016178348879513877,0.4605410844912335
Kinshasa,CD,9436,943,218,8275,0,0,0.023103009749894023,0.8769605765154727
Kosovo,KI,9869,4086,303,5480,0,0,0.030702198804336812,0.5552740905866855
Kuwait,KW,71199,7919,474,62806,125,529130,0.006657396873551595,0.8821191308866697
Kyrgyzstan,KG,39571,7050,1459,31062,24,267718,0.036870435419878195,0.784968790275707
Laos,LA,20,1,0,19,0,30727,0.0,0.95
Latvia,LV,1288,186,32,1070,0,211937,0.024844720496894408,0.8307453416149069
Lesotho,,742,544,23,175,0,8771,0.03099730458221024,0.2358490566037736
Liberia,LR,1230,447,78,705,0,0,0.06341463414634146,0.573170731707317
Libya,LY,5079,4311,108,660,0,61077,0.021264028352037802,0.1299468399291199
Liechtenstein,LI,89,3,1,85,0,900,0.011235955056179775,0.9550561797752809
Lithuania,LT,2231,482,81,1668,6,550176,0.03630658897355446,0.7476467951591215
Luxembourg,LU,7113,1146,119,5848,6,631466,0.016729931112048364,0.8221566146492338
Macao,MO,46,0,0,46,0,4071,0.0,1.0
Madagascar,MG,12922,2177,141,10604,95,47759,0.010911623587679926,0.8206160037145953
Malawi,MW,4624,2152,143,2329,4,34443,0.03092560553633218,0.5036764705882353
Malaysia,MY,9070,170,125,8775,2,1036339,0.013781697905181918,0.9674751929437707
Maldives,MV,4769,1996,19,2754,12,85587,0.00398406374501992,0.5774795554623611
Mali,ML,2565,480,125,1960,0,26463,0.04873294346978557,0.7641325536062378
Malta,MT,1035,351,9,675,0,138430,0.008695652173913044,0.6521739130434783
Martinique,MQ,336,222,16,98,2,12227,0.047619047619047616,0.2916666666666667
Mauritania,MR,6510,826,157,5527,3,57387,0.024116743471582183,0.8490015360983103
Mauritius,MU,344,0,10,334,0,205285,0.029069767441860465,0.9709302325581395
Mayotte,YT,3068,194,39,2835,1,13000,0.012711864406779662,0.9240547588005215
Mexico,MX,469407,47998,51311,370098,3864,1071706,0.10931025740988098,0.788437326243537
Moldova,MD,27443,7502,841,19100,362,128076,0.030645337608862004,0.6959880479539409
Monaco,MC,128,19,4,105,2,38209,0.03125,0.8203125
Mongolia,MN,293,33,0,260,1,39190,0.0,0.8873720136518771
Montenegro,ME,3549,1192,61,2296,0,38891,0.017187940264863342,0.6469428007889546
Montserrat,MS,13,0,1,13,0,61,0.07692307692307693,1.0
Morocco,MA,32007,9337,480,22190,31,1427635,0.014996719467616458,0.6932858437216859
Mozambique,MZ,2241,1393,16,832,0,67403,0.0071396697902722,0.3712628290941544
Ms Zaandam,,9,7,2,0,0,0,0.2222222222222222,0.0
Myanmar,MM,359,42,6,311,0,123441,0.016713091922005572,0.8662952646239555
Namibia,NA,2802,2211,16,575,22,32369,0.005710206995003569,0.20521056388294076
Nepal,NP,22592,6206,73,16313,0,747691,0.0032312322946175635,0.7220697592067988
Netherlands,NL,58717,46124,6178,6415,38,1079860,0.10521654716691929,0.10925285692388917
New Caledonia,NC,23,1,0,22,0,11265,0.0,0.9565217391304348
New Zealand,NZ,1569,23,22,1524,0,490232,0.014021669853409816,0.97131931166348
Nicaragua,NI,3902,866,123,2913,0,0,0.031522296258329065,0.7465402357765248
Niger,NE,1153,27,69,1057,0,9052,0.0598438855160451,0.9167389418907199
Nigeria,NG,45687,12114,936,32637,7,310729,0.02048722831440016,0.7143607590780747
North Macedonia,MK,11754,3609,523,7622,3,113619,0.04449549089671601,0.6484600986898077
Norway,NO,9568,455,256,8857,2,479789,0.026755852842809364,0.9256897993311036
Oman,OM,81357,7367,509,73481,173,309212,0.006256376218395467,0.9031921039369691
Pakistan,PK,283487,17815,6068,259604,801,2103699,0.021404861598591823,0.9157527505670454
Palestine,PS,13928,6126,96,7706,0,200280,0.0068925904652498565,0.5532739804709936
Panama,PA,72560,24294,1591,46675,161,244280,0.021926681367144433,0.6432607497243661
Papua New Guinea,PG,188,132,3,53,0,10808,0.015957446808510637,0.28191489361702127
Paraguay,PY,6508,1316,69,5123,25,136279,0.010602335586969883,0.7871850030731408
Peru,PE,463875,128894,20649,314332,1460,2522993,0.0445141471301536,0.6776222042576125
Philippines,PH,126885,57559,2209,67117,239,1735780,0.01740946526382157,0.5289592938487607
Poland,PL,51167,12964,1800,36403,72,2199085,0.035178923915805106,0.7114546485039186
Portugal,PT,52537,12423,1750,38364,33,1705474,0.033309857814492645,0.7302282201115404
Qatar,QA,112650,3030,182,109438,78,516825,0.001615623612960497,0.9714869063470928
Romania,RO,60623,28092,2659,29872,448,1364759,0.0438612407832011,0.4927502762977748
Russia,RU,882347,177286,14854,690207,2300,30038123,0.016834646686621022,0.7822398670817717
Rwanda,RW,2134,828,6,1300,0,293605,0.0028116213683223993,0.6091846298031866
Réunion,RE,675,39,5,631,1,35419,0.007407407407407408,0.9348148148148148
Saint Kitts and Nevis,KN,17,1,0,16,0,1168,0.0,0.9411764705882353
Saint Lucia,LC,25,1,0,24,0,3973,0.0,0.96
Saint Martin,MF,53,9,3,41,1,1183,0.05660377358490566,0.7735849056603774
Saint Pierre Miquelon,PM,4,3,0,1,0,0,0.0,0.25
Saint Vincent and The Grenadines,VC,56,7,0,49,0,0,0.0,0.875
San Marino,SM,699,0,42,657,0,6068,0.060085836909871244,0.9399141630901288
Sao Tome and Principe,ST,878,64,15,799,0,3120,0.017084282460136675,0.9100227790432802
Saudi Arabia,SA,287262,33692,3130,250440,1828,3754850,0.010895976495324826,0.8718173653319966
Senegal,SN,11003,3445,229,7329,39,116472,0.020812505680269017,0.6660910660728893
Serbia,RS,27863,13184,632,14047,121,741073,0.02268241036500018,0.5041452822739834
Seychelles,SC,126,1,0,125,0,0,0.0,0.9920634920634921
Sierra Leone,SL,1895,385,68,1442,0,0,0.035883905013192614,0.7609498680738787
Singapore,SG,54929,6319,27,48583,0,1474372,0.000491543629048408,0.8844690418540297
Sint Maarten,SX,177,74,17,86,3,1272,0.096045197740113,0.4858757062146893
Slovakia,SK,2566,674,31,1861,8,277894,0.012081060015588464,0.725253312548714
Slovenia,SI,2247,194,126,1927,3,136455,0.056074766355140186,0.8575878949710726
Somalia,SO,3227,1406,93,1728,2,0,0.028819336845367215,0.5354818717074682
South Africa,ZA,553188,138410,10210,404568,539,3220265,0.018456654880438475,0.7313390746003167
South Korea,KR,14562,629,304,13629,0,0,0.02087625326191457,0.9359291306139267
South Sudan,SS,2463,1241,47,1175,0,12044,0.01908241981323589,0.4770604953308973
Spain,ES,361442,182563,28503,150376,617,7064329,0.07885912539217911,0.41604462126703595
Sri Lanka,LK,2841,254,11,2576,1,166737,0.003871876099964801,0.9067229848644843
St. Barth,BL,9,3,0,6,0,1246,0.0,0.6666666666666666
St. Vincent Grenadines,VC,56,7,0,49,0,2448,0.0,0.875
Sudan,SD,11894,4878,773,6243,0,401,0.06499075163948209,0.5248864973936439
Suriname,SR,2203,669,29,1505,12,3253,0.013163867453472538,0.6831593281888334
Sweden,SE,82323,76560,5763,0,34,863315,0.07000473743668234,0.0
Switzerland,CH,36451,2565,1986,31900,21,835724,0.054484101945076954,0.8751474582315986
Syria,SY,1125,744,50,331,0,0,0.044444444444444446,0.2942222222222222
Taiwan,TW,479,29,7,443,0,83117,0.014613778705636743,0.9248434237995825
Tajikistan,TJ,7706,1160,62,6484,0,0,0.008045678691928368,0.841422268362315
Tanzania,TZ,509,305,21,183,7,0,0.0412573673870334,0.35952848722986247
Thailand,TH,3348,140,58,3150,1,749213,0.017323775388291517,0.9408602150537635
Timor-leste,TL,25,1,0,24,0,4238,0.0,0.96
Togo,TG,1028,296,22,710,2,46413,0.021400778210116732,0.6906614785992218
Trinidad and Tobago,TT,243,100,8,135,0,10399,0.03292181069958848,0.5555555555555556
Tunisia,TN,1678,368,51,1259,9,103423,0.030393325387365912,0.7502979737783075
Turkey,TR,239622,11137,5829,222656,587,5202370,0.024325813155720258,0.9291968183221908
Turks and Caicos,TC,170,129,2,39,3,1342,0.011764705882352941,0.22941176470588234
Uganda,UG,1267,146,6,1115,0,290701,0.004735595895816891,0.8800315706393055
Ukraine,UA,81534,34622,1906,45006,143,1154378,0.023376750803345843,0.5519905806166753
United Arab Emirates,AE,62300,5699,356,56245,0,0,0.005714285714285714,0.9028089887640449
United Kingdom,GB,311461,263360,46651,1450,0,0,0.14978119250885344,0.004655478535033278
United States of America,US,5134277,2343549,164768,2625960,18037,64403446,0.032091762871383836,0.5114566276809763
Uruguay,UY,1325,193,37,1095,2,128814,0.027924528301886794,0.8264150943396227
Uzbekistan,UZ,29652,8459,187,21006,228,1377915,0.006306488601106165,0.708417644678268
Vatican city,VA,12,0,0,12,0,0,0.0,1.0
Venezuela,VE,24166,11488,208,12470,66,1573859,0.00860713398990317,0.5160142348754448
Vietnam,VN,797,392,10,395,0,482456,0.012547051442910916,0.49560853199498117
West bank and Gaza,PS,13928,6126,96,7706,0,0,0.0068925904652498565,0.5532739804709936
Western Sahara,EH,10,1,1,8,0,0,0.1,0.8
Yemen,YE,1796,377,512,907,0,120,0.28507795100222716,0.505011135857461
Zambia,ZM,7903,1269,203,6431,0,92341,0.025686448184233834,0.8137416171074275
Zimbabwe,ZW,4451,3004,102,1345,0,147026,0.022916198607054593,0.30217928555380813
